{
  "rvec": [
    [
      0.0006473766993237984,
      -0.03878421155164308,
      0.9992473997152689
    ],
    [
      -0.9999164189629439,
      0.012877810608791007,
      0.001147642037605534
    ],
    [
      -0.012912629156432265,
      -0.9991646245380394,
      -0.038772633132493795
    ]
  ],
  "tvec": [
    [
      -0.18799497725575653
    ],
    [
      -0.01878748204177691
    ],
    [
      0.44249455946921584
    ]
  ]
}