{
  "rvec": [
    [
      -0.010927529621612253,
      -0.04159941038152576,
      0.9990746109036494
    ],
    [
      -0.9999178195265912,
      0.007153167464905907,
      -0.01063890917370075
    ],
    [
      -0.006703975653000849,
      -0.9991087634742919,
      -0.04167415817164821
    ]
  ],
  "tvec": [
    [
      0.15914503406214733
    ],
    [
      -0.014956407256827207
    ],
    [
      0.419609664003292
    ]
  ]
}