{
  "rvec": [
    [
      -0.013565307643455649,
      -0.03925157418897246,
      0.9991372760297885
    ],
    [
      -0.9998471540346097,
      0.011554540173647432,
      -0.013121020168680886
    ],
    [
      -0.011029551098288737,
      -0.9991625526034607,
      -0.039402315636356544
    ]
  ],
  "tvec": [
    [
      0.157627699040487
    ],
    [
      -0.014711772388148366
    ],
    [
      0.42004884105842855
    ]
  ]
}