{
  "Timestamp": "2023-01-26T20:13:14.521947",
  "Image Size": [
    1280,
    720
  ],
  "Principal Point": [
    633.0971846739267,
    385.630221996516
  ],
  "Focal Length": [
    639.7634862505971,
    639.7303812068653
  ],
  "Distortion Coefficients": [
    -0.05142053329368354,
    0.05758715041457434,
    -0.0013700549473677232,
    0.00020145662067524018,
    -0.016520803268543667
  ]
}